cluster_id,n_cells,n_points,centroid_lat,centroid_lon,min_lat,max_lat,min_lon,max_lon,avg_density
0,8,999,-22.07049245524758,54.85790665534598,-25.317835747575742,-17.787530908624355,44.0917719777993,70.39769831953852,5.6735103757972905
1,7,999,-17.239196285391753,-51.77533398692274,-20.29763252160815,-12.767327682656765,-61.131933389157595,-34.82600704741837,6.484011858054048
2,7,999,-6.246877350749621,67.77555797339456,-10.25722606967297,-2.726921230721583,52.86041409171237,79.1663404334516,6.484011858054045
3,16,1998,8.30647715142929,23.05039854541738,-0.21681961773778724,14.843790060164984,0.24856140823392536,44.0917719777993,5.673510375797292
